blues_1.wav,blues,blues_00072.wav
blues_2.wav,blues,blues_00091.wav
blues_3.wav,blues,blues_00029.wav
blues_4.wav,blues,blues_00054.wav
blues_5.wav,blues,blues_00064.wav
blues_6.wav,blues,blues_00098.wav
blues_7.wav,blues,blues_00082.wav
blues_8.wav,blues,blues_00011.wav
blues_9.wav,blues,blues_00056.wav
blues_10.wav,blues,blues_00028.wav
classical_1.wav,classical,classical_00021.wav
classical_2.wav,classical,classical_00074.wav
classical_3.wav,classical,classical_00086.wav
classical_4.wav,classical,classical_00034.wav
classical_5.wav,classical,classical_00002.wav
classical_6.wav,classical,classical_00006.wav
classical_7.wav,classical,classical_00076.wav
classical_8.wav,classical,classical_00077.wav
classical_9.wav,classical,classical_00024.wav
classical_10.wav,classical,classical_00099.wav
country_1.wav,country,country_00089.wav
country_2.wav,country,country_00008.wav
country_3.wav,country,country_00085.wav
country_4.wav,country,country_00026.wav
country_5.wav,country,country_00094.wav
country_6.wav,country,country_00096.wav
country_7.wav,country,country_00041.wav
country_8.wav,country,country_00086.wav
country_9.wav,country,country_00075.wav
country_10.wav,country,country_00056.wav
disco_1.wav,disco,disco_00088.wav
disco_2.wav,disco,disco_00002.wav
disco_3.wav,disco,disco_00092.wav
disco_4.wav,disco,disco_00073.wav
disco_5.wav,disco,disco_00020.wav
disco_6.wav,disco,disco_00042.wav
disco_7.wav,disco,disco_00057.wav
disco_8.wav,disco,disco_00085.wav
disco_9.wav,disco,disco_00010.wav
disco_10.wav,disco,disco_00038.wav
hiphop_1.wav,hiphop,hiphop_00085.wav
hiphop_2.wav,hiphop,hiphop_00086.wav
hiphop_3.wav,hiphop,hiphop_00089.wav
hiphop_4.wav,hiphop,hiphop_00056.wav
hiphop_5.wav,hiphop,hiphop_00072.wav
hiphop_6.wav,hiphop,hiphop_00046.wav
hiphop_7.wav,hiphop,hiphop_00042.wav
hiphop_8.wav,hiphop,hiphop_00053.wav
hiphop_9.wav,hiphop,hiphop_00044.wav
hiphop_10.wav,hiphop,hiphop_00002.wav
jazz_1.wav,jazz,jazz_00018.wav
jazz_2.wav,jazz,jazz_00064.wav
jazz_3.wav,jazz,jazz_00054.wav
jazz_4.wav,jazz,jazz_00023.wav
jazz_5.wav,jazz,jazz_00058.wav
jazz_6.wav,jazz,jazz_00050.wav
jazz_7.wav,jazz,jazz_00059.wav
jazz_8.wav,jazz,jazz_00046.wav
jazz_9.wav,jazz,jazz_00090.wav
jazz_10.wav,jazz,jazz_00079.wav
metal_1.wav,metal,metal_00019.wav
metal_2.wav,metal,metal_00072.wav
metal_3.wav,metal,metal_00099.wav
metal_4.wav,metal,metal_00000.wav
metal_5.wav,metal,metal_00034.wav
metal_6.wav,metal,metal_00037.wav
metal_7.wav,metal,metal_00024.wav
metal_8.wav,metal,metal_00025.wav
metal_9.wav,metal,metal_00053.wav
metal_10.wav,metal,metal_00041.wav
pop_1.wav,pop,pop_00094.wav
pop_2.wav,pop,pop_00074.wav
pop_3.wav,pop,pop_00028.wav
pop_4.wav,pop,pop_00086.wav
pop_5.wav,pop,pop_00014.wav
pop_6.wav,pop,pop_00073.wav
pop_7.wav,pop,pop_00057.wav
pop_8.wav,pop,pop_00048.wav
pop_9.wav,pop,pop_00004.wav
pop_10.wav,pop,pop_00010.wav
reggae_1.wav,reggae,reggae_00000.wav
reggae_2.wav,reggae,reggae_00025.wav
reggae_3.wav,reggae,reggae_00096.wav
reggae_4.wav,reggae,reggae_00074.wav
reggae_5.wav,reggae,reggae_00097.wav
reggae_6.wav,reggae,reggae_00049.wav
reggae_7.wav,reggae,reggae_00031.wav
reggae_8.wav,reggae,reggae_00087.wav
reggae_9.wav,reggae,reggae_00076.wav
reggae_10.wav,reggae,reggae_00040.wav
rock_1.wav,rock,rock_00004.wav
rock_2.wav,rock,rock_00014.wav
rock_3.wav,rock,rock_00095.wav
rock_4.wav,rock,rock_00098.wav
rock_5.wav,rock,rock_00069.wav
rock_6.wav,rock,rock_00090.wav
rock_7.wav,rock,rock_00091.wav
rock_8.wav,rock,rock_00051.wav
rock_9.wav,rock,rock_00097.wav
rock_10.wav,rock,rock_00060.wav
